{
    "n_estimators": 253,
    "max_depth": 5,
    "learning_rate": 0.03601728643148438,
    "subsample": 0.866737504169271,
    "colsample_bytree": 0.763154305001999,
    "min_child_weight": 2,
    "gamma": 0.7140408948545746,
    "random_state": 42,
    "eval_metric": "logloss"
}